ult_sust_def,Total
9,0.0
1560,2307.0
14339,2222.0
23491,1805.0
59826,12486.0
59828,5261.0
61154,1498.0
63526,7546.0
63528,9794.0
68229,3927.0
76949,919.0
77049,3516.0
78387,4490.0
84585,1324.0
84792,2113.0
84858,2189.0
84908,2189.0
85288,1349.0
86050,1458.0
89019,6594.0
94867,1996.0
94870,1647.0
96048,5677.0
96378,2834.0
96388,4471.0
96392,7226.0
96395,5508.0
96723,5383.0
99197,322.0
99577,2795.0
104486,3956.0
105228,1194.0
105928,2382.0
106040,1625.0
106173,6537.0
106799,3184.0
106800,1246.0
108107,5524.0
108110,5593.0
108180,6951.0
108267,4546.0
110057,2259.0
110508,7922.0
110587,2717.0
110655,1449.0
110703,4295.0
110712,3329.0
110987,1492.0
111041,2520.0
111533,3418.0
112065,1048.0
113453,10005.0
116703,1237.0
117348,15151.0
117783,1897.0
118299,3296.0
118464,1870.0
119413,1180.0
121263,3083.0
121431,9681.0
121432,11449.0
121523,9978.0
121670,11306.0
122275,437.0
123747,4421.0
123884,2541.0
123977,2554.0
124126,2220.0
124151,3254.0
124179,1673.0
124233,1988.0
124276,1172.0
124277,1159.0
124316,1640.0
124347,990.0
124427,1177.0
124436,779.0
124748,3441.0
124853,3972.0
126061,4031.0
127399,4318.0
127667,3371.0
128978,3612.0
129006,1684.0
129080,1682.0
129574,3195.0
129585,2362.0
129591,2920.0
129632,9575.0
129635,5750.0
129642,12744.0
130746,4443.0
131733,2037.0
131896,1607.0
131953,1258.0
132402,5870.0
132403,5873.0
132436,3106.0
132458,4625.0
132460,5925.0
132590,5841.0
132828,1503.0
132829,1004.0
133199,3885.0
133202,4302.0
133230,5773.0
133239,10827.0
133240,21809.0
133241,5810.0
133251,24657.0
133256,16887.0
133387,25859.0
133388,22543.0
133455,7926.0
133729,1349.0
133829,480.0
133843,1796.0
133857,1573.0
133986,1461.0
134108,4148.0
134110,4849.0
134111,2699.0
134145,2005.0
134287,2148.0
134858,1960.0
134879,1461.0
135543,9731.0
136809,1759.0
137758,2246.0
139137,2820.0
139602,16528.0
139671,1520.0
139918,20521.0
141140,1184.0
141337,3582.0
141582,4010.0
141649,4278.0
142292,4325.0
142592,1350.0
142614,2625.0
142616,3529.0
142677,2865.0
142678,2546.0
142684,3509.0
142756,5203.0
142796,3716.0
142809,5098.0
142989,6050.0
143002,7108.0
143003,3191.0
143007,4145.0
143134,13849.0
143138,17388.0
143143,7238.0
143296,4475.0
143432,104.0
143523,3633.0
143951,648.0
144641,22324.0
145154,1141.0
145676,3956.0
146466,2409.0
146476,1344.0
146477,2312.0
146637,1447.0
146640,4700.0
146643,2098.0
147023,3710.0
147025,4185.0
147056,3370.0
147057,2503.0
147058,5256.0
147097,2493.0
147130,4365.0
147131,2828.0
147152,3635.0
147176,2546.0
147222,1968.0
147424,2220.0
147425,12323.0
147483,2162.0
148133,10853.0
149021,934.0
151132,406.0
151436,2586.0
152248,2688.0
152324,794.0
152479,1426.0
152840,3165.0
152867,3387.0
152903,1929.0
152972,3089.0
153132,3311.0
153137,3608.0
153138,5891.0
153140,371.0
153143,706.0
153145,2504.0
153375,3006.0
153475,2747.0
153502,18482.0
153591,9804.0
153615,1997.0
153674,4279.0
153677,2832.0
153678,2829.0
153710,2600.0
153890,4948.0
153899,3338.0
153921,1815.0
153930,5998.0
153944,6480.0
153955,4887.0
153957,3475.0
154099,5502.0
154183,3943.0
154187,3811.0
154190,13911.0
154201,5656.0
154309,3057.0
154335,5194.0
154336,5380.0
154337,651.0
154396,2096.0
154400,2308.0
154410,5452.0
154626,6743.0
154640,5726.0
154775,1993.0
155153,1489.0
155155,1747.0
155156,8027.0
155516,1714.0
155517,1532.0
155733,1529.0
156446,230.0
156447,469.0
157369,9257.0
157370,7243.0
157719,2248.0
157763,976.0
157787,3097.0
157788,4156.0
157792,1380.0
157855,1460.0
157937,3377.0
157941,2337.0
157948,1045.0
157971,3415.0
157981,1342.0
157990,1605.0
158051,2112.0
158103,3302.0
158126,3470.0
158141,3009.0
158144,1893.0
158153,3008.0
158167,11835.0
158220,3616.0
158221,1335.0
158224,3900.0
158226,2593.0
158235,873.0
158236,2636.0
158237,4012.0
158342,957.0
158377,6074.0
158484,2158.0
158486,1866.0
158521,2961.0
158555,3776.0
158637,2115.0
158901,2180.0
158910,1870.0
159386,6884.0
160563,2882.0
161206,2067.0
162395,3447.0
163468,3785.0
163469,3165.0
163541,2962.0
163791,1292.0
163792,1477.0
163816,1526.0
163839,3668.0
163900,2949.0
163919,2774.0
163985,5104.0
164013,9893.0
164015,5442.0
164103,4400.0
164104,5358.0
164170,1380.0
164171,327.0
164172,742.0
164173,592.0
164174,474.0
164206,1738.0
164216,1388.0
164279,7312.0
164280,7420.0
164283,2575.0
164301,5876.0
164343,2433.0
164386,402.0
164460,1909.0
164487,3985.0
164488,9476.0
164522,7632.0
164703,862.0
164713,1485.0
164714,1850.0
164715,2352.0
164716,4800.0
164750,802.0
165260,2850.0
165261,2850.0
165262,2680.0
165389,5519.0
165500,2826.0
165529,1822.0
165576,23017.0
165579,21432.0
165580,12474.0
165589,4016.0
165669,4302.0
165670,4319.0
165768,11902.0
165778,1021.0
165779,1649.0
165780,2717.0
165819,2574.0
165820,1202.0
165838,6240.0
165841,3119.0
165846,5301.0
165859,14710.0
165877,1847.0
165883,2793.0
165921,1851.0
165962,2471.0
165974,4365.0
166005,2695.0
166024,4209.0
166108,5216.0
166111,2913.0
166113,7625.0
166114,3565.0
166115,4431.0
166203,479.0
166206,197.0
166321,64.0
166327,10823.0
166340,5518.0
166342,2610.0
166533,5735.0
166624,3926.0
166708,9329.0
166771,2179.0
166785,9784.0
167142,11581.0
167317,19403.0
167857,355.0
167907,3663.0
167934,651.0
167984,2639.0
167987,3137.0
168025,3005.0
168043,1472.0
168046,1815.0
168082,3051.0
168418,1465.0
168586,3261.0
168593,2206.0
168618,3210.0
168636,933.0
168725,1056.0
168728,324.0
168850,1417.0
168852,2258.0
168854,1150.0
169048,2900.0
169146,2097.0
169200,1770.0
169213,5685.0
169214,1522.0
169235,2387.0
169240,5770.0
169249,2732.0
169262,1820.0
169297,1448.0
169308,2888.0
169313,6248.0
169315,2908.0
169317,4247.0
169319,1618.0
169373,2462.0
169379,4883.0
169393,1869.0
169398,4102.0
169399,4025.0
169401,3028.0
169403,2285.0
169414,1392.0
169415,1295.0
169481,1934.0
169488,2434.0
169489,1084.0
169492,899.0
169494,2767.0
169497,3297.0
169500,1912.0
169531,1515.0
169541,1467.0
169544,1160.0
169581,1400.0
169633,1851.0
169637,3156.0
169640,1391.0
169641,1127.0
169653,2815.0
169660,2263.0
169671,3007.0
169674,1160.0
169676,2562.0
169694,699.0
169695,1725.0
169720,2696.0
169724,4513.0
169727,2104.0
169773,2641.0
169778,4019.0
169779,3991.0
169785,1380.0
169789,2641.0
169832,1892.0
169834,4508.0
169837,3008.0
169853,1778.0
169855,2183.0
169872,2343.0
169888,3244.0
169945,6336.0
169951,5937.0
169961,2928.0
169965,1312.0
169966,1263.0
169981,2856.0
169985,2240.0
169986,863.0
169988,1341.0
169990,1820.0
169991,2815.0
169992,1964.0
170004,2408.0
170012,1606.0
170025,4292.0
170051,1691.0
170071,1891.0
170078,1591.0
170086,6565.0
170132,2174.0
170133,2942.0
170134,6848.0
170137,4270.0
170168,1757.0
170188,3389.0
170229,2225.0
170270,4156.0
170271,2856.0
170327,2309.0
170342,3713.0
170420,2404.0
170432,9025.0
170525,3623.0
170529,7355.0
170575,2433.0
170579,2460.0
171255,3769.0
171404,207.0
171446,4180.0
172736,535.0
173665,4495.0
173666,2467.0
173791,1088.0
174118,3383.0
174171,4728.0
174212,1207.0
174236,3498.0
174286,2940.0
174349,1784.0
174353,229.0
174354,584.0
174517,2519.0
174720,2608.0
174802,1008.0
175216,2150.0
175221,1035.0
175222,2759.0
175225,1039.0
175236,3416.0
175238,1394.0
175239,3589.0
175251,4793.0
175282,1681.0
175356,4623.0
175451,4760.0
175465,3892.0
175480,1318.0
175526,5476.0
175542,3901.0
175552,3098.0
175568,6258.0
175585,3685.0
175606,3783.0
175607,4195.0
175609,1831.0
175610,2939.0
175611,2962.0
175613,1273.0
175614,2001.0
175615,2172.0
175616,3836.0
175617,6064.0
175620,1367.0
175621,3259.0
175622,1792.0
175623,2802.0
175675,2711.0
175679,3682.0
175697,3401.0
175704,3677.0
175730,3115.0
175734,2922.0
175786,1266.0
175793,2912.0
175806,6987.0
175810,4496.0
175841,6902.0
175863,3215.0
175883,2300.0
175884,3034.0
175895,7846.0
175899,3416.0
175901,1088.0
175902,1914.0
175991,5100.0
176006,2423.0
176161,2938.0
176231,3566.0
176232,4746.0
176237,2988.0
176238,2750.0
176239,2814.0
176240,3295.0
176243,4219.0
176244,4486.0
176253,281.0
176254,362.0
176257,825.0
176269,3864.0
176270,2773.0
176277,397.0
176288,8524.0
176290,559.0
176293,914.0
176295,428.0
176301,599.0
176306,1291.0
176307,562.0
176312,615.0
176313,2110.0
176314,627.0
176315,626.0
176316,809.0
176317,2515.0
176318,1193.0
176451,1734.0
176452,4018.0
176453,359.0
176455,1258.0
176456,1835.0
176551,8993.0
176552,11381.0
176553,12721.0
176558,7131.0
176590,8580.0
176602,4952.0
176850,8279.0
176855,6401.0
176859,3647.0
176930,4431.0
176935,11714.0
176950,5616.0
176977,1912.0
177090,18310.0
177091,17407.0
177181,12401.0
177458,4165.0
177512,3478.0
177579,3452.0
177583,2845.0
177600,4626.0
177785,2983.0
178067,3428.0
178068,1829.0
178070,3556.0
178071,3165.0
178078,3622.0
178082,4757.0
178134,1258.0
178264,3315.0
178312,3486.0
178315,2712.0
178383,1483.0
178516,7844.0
178601,571.0
178697,827.0
178706,2447.0
178742,5387.0
178745,4406.0
178751,4553.0
178754,6707.0
178759,4538.0
178762,10932.0
178767,3218.0
178772,5130.0
178785,2824.0
178788,2171.0
178789,3058.0
178791,2526.0
178793,1785.0
178794,1642.0
178823,3283.0
178824,4637.0
178857,2492.0
178862,3461.0
178876,7267.0
178966,4007.0
178970,4333.0
179007,3615.0
179017,2437.0
179091,3286.0
179093,4908.0
179196,1542.0
179201,3442.0
179208,3382.0
179217,3297.0
179223,4911.0
179251,11341.0
179252,6437.0
179307,3984.0
179309,2923.0
179323,5805.0
179325,4655.0
179364,3804.0
179365,2165.0
179487,2858.0
179629,6568.0
179630,2355.0
179663,3196.0
179747,572.0
179748,624.0
179749,567.0
179751,418.0
179752,2731.0
179753,5774.0
179754,1146.0
179849,2877.0
179945,1214.0
179955,4662.0
179956,2033.0
179957,1316.0
179958,1928.0
179959,1483.0
179960,1061.0
179961,432.0
179964,3230.0
179967,772.0
179982,504.0
179983,673.0
179984,1352.0
179985,273.0
179986,641.0
179987,2115.0
179991,732.0
179992,1977.0
179997,352.0
180001,2649.0
180112,1678.0
180113,1003.0
180114,1432.0
180115,1405.0
180127,3135.0
180134,2087.0
180137,1557.0
180139,2680.0
180163,2262.0
180165,4546.0
180166,4443.0
180167,3384.0
180174,2919.0
180176,6506.0
180178,2392.0
180195,2213.0
180359,1488.0
180474,713.0
180476,866.0
180477,973.0
180478,706.0
180549,123.0
180554,176.0
180563,866.0
180565,690.0
180573,567.0
180579,793.0
180626,657.0
180639,567.0
180671,1249.0
180672,2189.0
180728,2879.0
180754,3036.0
180812,5565.0
180813,1088.0
180849,2221.0
180852,2821.0
180855,2672.0
180918,3368.0
180921,741.0
180954,989.0
180955,1172.0
180958,2106.0
180962,1914.0
180969,964.0
180970,1273.0
180972,1261.0
180978,2255.0
180988,1378.0
180991,1590.0
180992,1634.0
181036,2926.0
181044,2163.0
181065,2256.0
181069,1335.0
181106,9333.0
181109,5118.0
181111,3862.0
181112,3078.0
181113,2989.0
181115,2602.0
181116,3694.0
181118,3516.0
181121,1445.0
181122,7836.0
181124,5835.0
181125,4696.0
181126,4410.0
181134,1583.0
181137,2261.0
181148,5337.0
181182,1899.0
181188,2235.0
181209,1808.0
181223,507.0
181242,1756.0
181245,1565.0
181246,3089.0
181247,2594.0
181255,1519.0
181256,1880.0
181257,1119.0
181263,3084.0
181265,1555.0
181269,3190.0
181299,1730.0
181304,2785.0
181320,4820.0
181324,2356.0
181329,1463.0
181332,8593.0
181333,5705.0
181346,2279.0
181360,2574.0
181363,3565.0
181374,9828.0
181378,4221.0
181382,5508.0
181388,2267.0
181389,605.0
181392,6170.0
181393,8414.0
181394,2695.0
181401,2426.0
181406,2876.0
181408,3600.0
181409,2319.0
181414,6262.0
181417,1988.0
181421,2583.0
181422,2831.0
181423,4914.0
181426,666.0
181427,707.0
181434,3345.0
181435,1191.0
181438,5137.0
181439,1813.0
181440,2431.0
181443,1010.0
181444,1714.0
181445,3931.0
181448,5457.0
181450,3634.0
181453,2176.0
181457,3974.0
181458,2523.0
181462,2620.0
181466,1152.0
181478,2963.0
181532,5840.0
181539,20331.0
181543,1655.0
181547,13476.0
181548,2181.0
181551,901.0
181558,578.0
181566,1584.0
181567,1332.0
181575,15223.0
181590,6261.0
181595,5644.0
181604,1589.0
181605,4193.0
181607,3968.0
181614,2224.0
181615,2339.0
181621,2907.0
181623,900.0
181624,2331.0
181625,5863.0
181627,2384.0
181638,5137.0
181649,5794.0
181652,1597.0
181663,1042.0
181706,1935.0
181708,2814.0
181742,718.0
181768,1387.0
181769,1953.0
181770,2262.0
181774,3605.0
181775,1954.0
181823,1982.0
181824,3985.0
181825,3424.0
181826,6387.0
181852,3975.0
181862,3482.0
181866,589.0
181897,4035.0
181904,2658.0
181932,11116.0
181933,13679.0
181934,7725.0
181942,3909.0
181987,4600.0
181998,1950.0
182004,3157.0
182007,2455.0
182008,1168.0
182036,8627.0
182037,3753.0
182038,8795.0
182106,4708.0
182157,3591.0
182160,3693.0
182161,3534.0
182196,3034.0
182200,3483.0
182205,5019.0
182353,3996.0
182355,4425.0
182379,5573.0
183197,588.0
183679,1556.0
183680,529.0
183695,474.0
183710,4646.0
183792,0.0
183829,4150.0
183836,2461.0
183874,7082.0
183976,9251.0
184083,6672.0
184250,945.0
184258,3016.0
184259,5074.0
184264,2190.0
184269,4278.0
184653,1661.0
184655,3314.0
184780,7481.0
184820,5217.0
184882,2609.0
184889,3703.0
184891,1961.0
185090,1487.0
185091,1368.0
185094,3149.0
185096,2852.0
185119,2695.0
185122,2455.0
185123,3736.0
185372,4731.0
185375,4073.0
185398,11927.0
185660,3064.0
185846,3447.0
185849,1594.0
185852,2546.0
185853,3010.0
185859,4016.0
185860,1248.0
185861,2075.0
185862,750.0
185863,807.0
185864,409.0
185865,1203.0
185866,563.0
185867,1169.0
185868,1077.0
185869,3621.0
185870,1122.0
185871,1637.0
185880,1258.0
185881,628.0
186002,305.0
186003,357.0
186004,370.0
186005,606.0
186006,675.0
186007,390.0
186008,441.0
186014,575.0
186015,688.0
186016,606.0
186035,287.0
186036,397.0
186037,826.0
186081,8446.0
186175,472.0
186375,1214.0
186376,1500.0
820334,2331.0
820414,4189.0
820417,1345.0
820418,2963.0
820419,2451.0
820440,1082.0
820441,4103.0
820469,3208.0
820474,8498.0
820475,2722.0
820476,6814.0
820477,1087.0
820479,3219.0
820489,2471.0
820508,2714.0
820514,6669.0
820620,2642.0
820621,2530.0
820623,3982.0
820627,4532.0
820631,4917.0
820641,5696.0
820647,2680.0
820664,8791.0
820689,5792.0
820708,2082.0
820709,2791.0
820711,2890.0
820712,6017.0
820714,2533.0
820716,4631.0
820727,2404.0
820762,5007.0
820763,3758.0
820776,3358.0
820777,2864.0
820795,4864.0
820844,8518.0
820866,4035.0
820867,3141.0
820869,3465.0
820895,3344.0
820955,2319.0
820966,6014.0
820968,4016.0
820970,6073.0
820979,3214.0
820985,3707.0
820999,4943.0
821001,3307.0
821029,806.0
821039,4460.0
821047,3258.0
821055,7400.0
821056,3007.0
821061,4793.0
821066,3762.0
821077,6346.0
821130,3793.0
821182,5366.0
821196,1004.0
821200,1956.0
821201,1095.0
821204,2417.0
821208,1125.0
821209,4431.0
821210,2229.0
821234,4394.0
821275,4927.0
821284,4112.0
821285,2332.0
821394,2764.0
821413,2883.0
821416,922.0
821424,2901.0
821427,1673.0
821443,2356.0
821444,2095.0
821453,2428.0
821454,5244.0
821536,2978.0
821554,550.0
821558,3622.0
821559,3096.0
821560,3834.0
821561,2101.0
821812,389.0
821814,1176.0
821815,1273.0
821816,770.0
821817,2391.0
821818,2327.0
821819,4609.0
821822,1759.0
821823,847.0
821824,1151.0
821825,978.0
821826,587.0
821827,433.0
821828,2640.0
821829,1117.0
821831,1069.0
821832,1215.0
821834,3798.0
821835,1809.0
821837,991.0
821839,1652.0
821840,767.0
821841,3020.0
821842,1695.0
821843,1564.0
821844,3358.0
821845,2373.0
821846,914.0
821847,589.0
821848,2021.0
821849,793.0
821863,831.0
821868,971.0
821869,2446.0
821870,1012.0
821871,1385.0
821874,709.0
821875,2638.0
821876,3865.0
821877,666.0
821878,830.0
821879,2554.0
821880,1356.0
821881,1068.0
821883,863.0
821884,2348.0
821885,770.0
821886,1318.0
821887,879.0
821888,1234.0
821889,1517.0
821890,389.0
821891,779.0
821892,599.0
821903,887.0
821905,1437.0
821906,1638.0
821909,1463.0
821911,1656.0
821912,1441.0
821914,1917.0
821915,1043.0
821916,1601.0
821918,2397.0
821919,821.0
821921,809.0
821922,786.0
821923,2223.0
821924,937.0
821925,1154.0
821926,866.0
821927,2123.0
821928,4477.0
821929,1456.0
821930,1128.0
821931,2125.0
821932,2831.0
821936,1080.0
821979,2028.0
821980,1634.0
821985,883.0
821986,779.0
821987,2287.0
821988,1716.0
821989,1448.0
821990,737.0
822002,2043.0
822003,1322.0
822004,1405.0
822005,1158.0
822007,950.0
822008,1338.0
822011,799.0
822012,936.0
822112,1728.0
822113,1435.0
822114,1600.0
822115,1019.0
822161,553.0
822162,490.0
822169,20177.0
822170,5719.0
822171,2113.0
822179,13776.0
822180,13606.0
822181,10545.0
822182,11319.0
822184,5362.0
822187,13948.0
822189,13334.0
822215,7227.0
822239,2083.0
822244,2013.0
822245,1753.0
822246,2509.0
822247,3493.0
822259,23786.0
822265,1636.0
822370,5432.0
822371,6828.0
822372,7227.0
822373,11445.0
822375,7512.0
822572,2275.0
822573,2041.0
822574,2146.0
822575,1989.0
822576,1966.0
822632,6970.0
822732,1208.0
822733,3170.0
822734,9043.0
822735,3319.0
822736,2412.0
822737,6674.0
822738,552.0
822740,903.0
822741,1198.0
822742,4359.0
822743,4433.0
822744,2259.0
822745,3283.0
822746,3879.0
822747,1255.0
822748,1199.0
822749,709.0
822750,1939.0
822921,1872.0
822970,3258.0
823000,3209.0
823003,606.0
823004,3576.0
823005,2162.0
823006,1280.0
823007,1505.0
823008,2548.0
823009,1039.0
823010,1158.0
823011,2762.0
823012,8680.0
823017,8806.0
823018,4841.0
823019,2574.0
823020,2196.0
823021,3317.0
823022,4697.0
823023,3564.0
823024,3956.0
823025,4336.0
823026,1495.0
823027,1971.0
823028,2383.0
823029,2283.0
823030,3958.0
823031,4424.0
823032,4545.0
823033,3558.0
823034,4310.0
823035,3118.0
823036,1736.0
823037,2603.0
823038,2534.0
823039,4220.0
823041,4313.0
823044,5735.0
823045,4453.0
823046,3914.0
823049,1706.0
823050,6246.0
823055,5409.0
823056,10979.0
823057,6793.0
823058,5489.0
823060,5168.0
823061,8703.0
823062,4543.0
823063,4211.0
823065,2836.0
823066,1567.0
823067,2044.0
823068,5008.0
823069,11102.0
823075,992.0
823077,4163.0
823078,1955.0
823079,985.0
823080,1448.0
823081,1000.0
823082,2007.0
823084,1770.0
823099,1087.0
823135,1811.0
823245,3775.0
823246,2046.0
823248,1404.0
823249,3378.0
823250,3030.0
823342,1763.0
823352,1020.0
823362,5375.0
823363,6012.0
823364,2951.0
823409,1560.0
823412,4453.0
823415,1224.0
823418,1321.0
823492,915.0
823499,1986.0
823500,3226.0
823502,3430.0
823503,4160.0
823504,3226.0
823505,6228.0
823506,5784.0
823507,4705.0
823508,5581.0
823509,3589.0
823527,5186.0
823528,8613.0
823529,5472.0
823531,5544.0
823533,5589.0
823591,1629.0
823593,3398.0
823594,4411.0
823596,2581.0
823597,3971.0
823598,2776.0
823678,1224.0
823679,1498.0
823704,6506.0
823705,2848.0
823726,1187.0
823727,1913.0
823728,3002.0
823729,1507.0
823731,2879.0
823732,2078.0
823735,5309.0
823736,1966.0
823748,4221.0
823873,4715.0
823874,3540.0
823923,1093.0
823925,2451.0
823961,3080.0
823980,3414.0
823994,4088.0
823995,4779.0
824069,4276.0
824070,3266.0
824072,3121.0
824073,2283.0
824075,1296.0
824096,2271.0
824170,1202.0
824171,1520.0
824205,4638.0
824206,3711.0
824263,4524.0
824264,4628.0
824366,1828.0
824378,4422.0
824431,1543.0
824432,258.0
824433,1929.0
824434,1248.0
824436,212.0
824437,2358.0
824438,1004.0
824439,1306.0
824440,1939.0
824441,485.0
824442,664.0
824443,1335.0
824444,1340.0
824480,968.0
824549,3237.0
824550,1531.0
824551,1833.0
824552,1140.0
824553,2264.0
824554,1162.0
824555,1168.0
824556,1942.0
824557,1002.0
824558,3594.0
824559,639.0
824560,1557.0
824561,2030.0
824562,1219.0
824563,872.0
824564,882.0
824565,1156.0
824566,1228.0
824567,1421.0
824568,1172.0
824570,778.0
824571,1045.0
824585,815.0
824586,665.0
824601,5941.0
824602,8204.0
824612,1433.0
824613,2758.0
824614,2409.0
824615,828.0
824617,1013.0
824618,579.0
824619,1559.0
824620,426.0
824621,1420.0
824622,1066.0
824623,546.0
824624,1401.0
824625,189.0
824626,474.0
824627,853.0
824628,332.0
824629,226.0
824651,1201.0
824652,1911.0
824653,1391.0
824655,654.0
824656,2788.0
824763,1375.0
824764,1128.0
824765,1308.0
824766,2013.0
824768,1136.0
824860,591.0
824863,2535.0
824870,2509.0
824875,4052.0
824883,3114.0
824890,2867.0
824891,7350.0
824893,5454.0
824898,3183.0
824915,3731.0
824925,2621.0
824926,2297.0
824959,3978.0
824963,5325.0
824964,3955.0
824965,7536.0
824966,1158.0
824968,2969.0
824982,5876.0
824984,3288.0
825004,2708.0
825007,6294.0
825009,3908.0
825024,3423.0
825030,7919.0
825031,3571.0
825033,7583.0
825034,6289.0
825038,3948.0
825071,1256.0
825074,4036.0
825075,1737.0
825076,2341.0
825077,2316.0
825081,4722.0
825083,3378.0
825091,2622.0
825093,3707.0
825095,2534.0
825098,2473.0
825108,3331.0
825112,2893.0
825119,1865.0
825120,968.0
825121,3219.0
825123,3407.0
825125,1922.0
825126,2142.0
825127,1906.0
825128,2722.0
825129,4837.0
825130,3060.0
825131,2289.0
825132,2592.0
825133,2105.0
825134,5695.0
825135,3716.0
825136,1526.0
825137,2062.0
825138,1895.0
825149,408.0
825150,508.0
825151,527.0
825152,213.0
825176,401.0
825177,389.0
825178,366.0
825179,1342.0
825180,566.0
825181,216.0
825182,2032.0
825183,1582.0
825184,1205.0
825185,572.0
825186,430.0
825187,497.0
825188,547.0
825189,303.0
825190,1089.0
825191,309.0
825192,1586.0
825193,352.0
825194,377.0
825199,349.0
825200,412.0
825201,372.0
825202,507.0
825203,400.0
825204,308.0
825205,360.0
825206,216.0
825207,670.0
825208,349.0
825209,489.0
825210,873.0
825211,495.0
825212,951.0
825213,362.0
825214,837.0
825215,497.0
825216,1159.0
825217,1053.0
825218,1892.0
825219,940.0
825220,391.0
825221,302.0
825222,1142.0
825223,2284.0
825224,1324.0
825225,1183.0
825226,588.0
825227,527.0
825228,443.0
825229,1547.0
825242,2869.0
825284,237.0
825285,350.0
825286,887.0
825287,356.0
825288,595.0
825289,578.0
825290,512.0
825299,2787.0
825301,3314.0
825304,4069.0
825310,3822.0
825311,6345.0
825312,6252.0
825315,2493.0
825318,2394.0
825375,2909.0
825376,2962.0
825377,717.0
825394,155.0
825395,129.0
825396,166.0
825397,125.0
825399,4403.0
825400,1366.0
825407,4757.0
825427,1732.0
825431,870.0
825474,1750.0
825493,340.0
825494,383.0
825495,844.0
825505,324.0
825506,763.0
825507,1082.0
825527,565.0
825528,3423.0
825529,1308.0
825535,4422.0
825536,2004.0
825620,4057.0
825621,3379.0
825622,3068.0
825623,2389.0
825624,1825.0
825625,1422.0
825628,789.0
825629,2215.0
825642,439.0
825643,4014.0
825644,691.0
825645,2816.0
825646,661.0
825670,3370.0
825674,1150.0
825715,4778.0
825751,13997.0
825752,5687.0
825804,2498.0
825805,564.0
825806,698.0
825807,654.0
825808,4288.0
825828,794.0
825829,1246.0
825830,525.0
825831,855.0
825833,539.0
825834,813.0
825839,732.0
825854,609.0
825855,706.0
825860,310.0
825861,717.0
825863,670.0
825884,1164.0
825895,775.0
825914,1513.0
825916,1451.0
825917,726.0
825918,5134.0
825920,2252.0
825921,1789.0
825922,1562.0
825924,1654.0
825925,973.0
825926,1213.0
825927,981.0
825928,555.0
825929,2448.0
825930,1599.0
825931,1364.0
825937,597.0
825938,539.0
825939,492.0
825940,575.0
825941,220.0
825942,525.0
825943,293.0
825944,573.0
825945,434.0
825946,2013.0
825991,456.0
825992,947.0
825993,887.0
825994,599.0
825995,1064.0
825996,402.0
825997,876.0
825998,606.0
825999,387.0
826000,250.0
826001,542.0
826003,431.0
826004,1482.0
826005,310.0
826006,614.0
826007,358.0
826008,798.0
826009,363.0
826010,315.0
826011,446.0
826012,568.0
826015,605.0
826016,356.0
826017,943.0
826018,2620.0
826019,1412.0
826020,3895.0
826021,1783.0
826023,5891.0
826044,243.0
826045,331.0
826046,999.0
826047,651.0
826048,337.0
826049,418.0
826050,630.0
826051,541.0
826052,1036.0
826053,395.0
826054,394.0
826055,382.0
826056,758.0
826057,441.0
826058,331.0
826059,388.0
826060,680.0
826061,435.0
826062,793.0
826063,555.0
826064,561.0
826065,548.0
826066,1214.0
826067,917.0
826068,1494.0
826069,491.0
826214,302.0
826215,300.0
826216,336.0
826217,652.0
826218,320.0
826219,515.0
826220,1300.0
826221,429.0
826222,800.0
826223,825.0
826224,422.0
826225,373.0
826226,220.0
826227,315.0
826228,308.0
826229,224.0
826230,325.0
826231,1311.0
826232,219.0
826242,6735.0
826245,3930.0
826246,5239.0
826247,2991.0
826248,1032.0
826249,4967.0
826250,2312.0
826251,632.0
826252,4787.0
826253,1924.0
826254,750.0
826255,3471.0
826256,2435.0
826257,2464.0
826258,969.0
826259,843.0
826260,3845.0
826261,5656.0
826262,4921.0
826263,3357.0
826264,2291.0
826265,3742.0
826266,2504.0
826267,679.0
826268,2149.0
826269,3050.0
826270,3094.0
826271,2794.0
826272,2702.0
826273,1201.0
826274,3042.0
826275,3432.0
826276,2363.0
826277,1457.0
826300,1102.0
826301,1648.0
826303,626.0
826304,609.0
826305,326.0
826306,456.0
826308,279.0
826309,315.0
826311,322.0
826316,643.0
826323,579.0
826330,1264.0
826434,1481.0
826435,622.0
826443,326.0
826444,544.0
826445,267.0
826446,324.0
826447,488.0
826448,596.0
826449,644.0
826450,798.0
826451,665.0
826452,786.0
826453,637.0
826454,417.0
826455,864.0
826456,1052.0
826457,469.0
826458,473.0
826459,817.0
826460,656.0
826461,729.0
826462,969.0
826463,312.0
826464,346.0
826465,387.0
826466,305.0
826467,277.0
826468,244.0
826469,286.0
826470,508.0
826471,528.0
826472,342.0
826473,289.0
826474,440.0
826475,1175.0
826476,2038.0
826477,847.0
826481,418.0
826484,842.0
826487,378.0
826492,334.0
826500,471.0
826501,1308.0
826502,652.0
826503,816.0
826520,1912.0
826521,1029.0
826522,261.0
826526,844.0
826528,645.0
826536,403.0
826537,404.0
826552,2620.0
826553,4096.0
826555,352.0
826556,359.0
826557,570.0
826558,553.0
826561,0.0
826563,532.0
826564,2537.0
826565,762.0
826575,714.0
826576,594.0
826577,430.0
826578,1241.0
826580,473.0
826582,1504.0
826585,393.0
826587,1031.0
826588,372.0
826590,281.0
826592,267.0
826593,1433.0
826595,2544.0
826596,941.0
826597,713.0
826600,470.0
826638,480.0
826640,429.0
826641,1427.0
826642,436.0
826643,384.0
826644,426.0
826645,766.0
826646,257.0
826647,381.0
826649,1505.0
826650,997.0
826651,1054.0
826652,414.0
826653,939.0
826655,768.0
826658,273.0
826659,301.0
826660,301.0
826661,1865.0
826662,403.0
826663,398.0
826664,306.0
826665,455.0
826694,128.0
826695,206.0
826696,276.0
826697,308.0
826698,1042.0
826699,371.0
826700,648.0
826701,1073.0
826702,444.0
826703,740.0
826704,1291.0
826705,389.0
826706,442.0
826712,1053.0
826713,1547.0
826714,174.0
826715,326.0
826716,361.0
826717,558.0
826718,1494.0
826719,1004.0
826720,1370.0
826721,428.0
826722,1079.0
826723,1505.0
826724,449.0
826725,222.0
826726,1613.0
826727,361.0
826728,664.0
826729,848.0
826730,923.0
826731,2459.0
826732,3203.0
826733,1226.0
826734,1140.0
826735,1079.0
826736,1300.0
826737,2458.0
826738,949.0
826739,948.0
826740,951.0
826741,3731.0
826742,1834.0
826743,2455.0
826745,3237.0
826746,2847.0
826747,5250.0
826748,1099.0
826749,272.0
826750,247.0
826751,270.0
826752,717.0
826753,1015.0
826754,339.0
826755,1283.0
826756,589.0
826757,325.0
826758,307.0
826759,607.0
826760,377.0
826819,1592.0
826820,437.0
826821,974.0
826822,742.0
826823,1065.0
826824,1410.0
826825,914.0
826826,263.0
826827,230.0
826828,709.0
826829,304.0
826830,247.0
826831,327.0
826832,304.0
828031,394.0
828032,247.0
828033,980.0
828034,640.0
828040,554.0
828041,532.0
828042,2109.0
828043,787.0
828044,409.0
828045,781.0
828046,260.0
828047,315.0
828064,579.0
828102,896.0
828103,1710.0
828104,1579.0
828105,597.0
828106,848.0
828107,1937.0
828108,463.0
828114,337.0
828115,732.0
828116,567.0
828117,291.0
828118,1441.0
828119,442.0
828121,581.0
828122,643.0
828123,699.0
828124,1241.0
828125,1542.0
828126,341.0
828144,664.0
828145,1763.0
828146,2136.0
828148,1126.0
828149,1791.0
828150,1302.0
828151,694.0
828152,377.0
828153,460.0
828154,726.0
828155,1584.0
828156,1292.0
828169,1676.0
828170,523.0
828171,408.0
828172,706.0
828201,177.0
828215,1338.0
828216,1186.0
828217,2007.0
828218,1009.0
828219,3278.0
828221,910.0
828245,399.0
828246,863.0
828247,1007.0
828248,936.0
828249,685.0
828272,3271.0
828273,3817.0
828295,628.0
828296,1120.0
828297,1296.0
828298,809.0
828299,412.0
828300,2327.0
828301,832.0
828312,0.0
828313,629.0
828314,2035.0
828316,910.0
828317,696.0
828318,1414.0
828319,1439.0
828320,2751.0
828321,1652.0
828332,316.0
828333,507.0
828359,1271.0
828360,418.0
828365,459.0
828366,921.0
828367,586.0
828368,626.0
828369,561.0
828370,497.0
828371,605.0
828373,921.0
828374,817.0
828375,1373.0
828376,803.0
828377,646.0
828378,270.0
828379,395.0
828380,4559.0
828381,1916.0
828384,484.0
828385,1770.0
828386,1823.0
828387,1513.0
828388,577.0
828390,1355.0
828391,665.0
828392,2228.0
828393,2270.0
828394,1513.0
828395,675.0
828396,896.0
828397,2739.0
828400,717.0
828401,323.0
828402,3896.0
828407,572.0
828408,597.0
828409,1087.0
828410,704.0
828411,1036.0
828412,465.0
828413,2012.0
828414,1101.0
828415,520.0
828416,349.0
828417,2551.0
828418,6531.0
828419,1619.0
828420,4289.0
828421,565.0
828422,1329.0
828423,1698.0
828424,216.0
828425,145.0
828426,713.0
828427,1165.0
828428,1986.0
828429,1526.0
828431,822.0
828432,689.0
828433,1042.0
828434,1339.0
828435,1879.0
828436,1519.0
828437,1552.0
828438,1635.0
828439,836.0
828440,1134.0
828441,1519.0
828442,2236.0
828443,1824.0
828444,2720.0
828445,1958.0
828446,954.0
828447,2075.0
828448,1281.0
828449,1718.0
828450,1832.0
828451,2513.0
828452,1196.0
828453,971.0
828454,1691.0
828455,1832.0
828456,928.0
828458,4275.0
828459,1048.0
828460,3040.0
828461,1939.0
828462,1759.0
828463,1793.0
828464,1850.0
828465,2016.0
828466,1222.0
828467,2760.0
828479,595.0
828481,6454.0
828482,1619.0
828483,4516.0
828484,208.0
828485,169.0
828486,544.0
828487,800.0
828488,483.0
828490,320.0
828491,636.0
828492,923.0
828493,819.0
828494,1256.0
828496,63.0
828497,85.0
828499,419.0
828500,411.0
828501,194.0
828502,53.0
828504,1570.0
828507,448.0
828509,2432.0
828510,2934.0
828511,3538.0
828512,1463.0
828513,732.0
828514,1121.0
828515,875.0
828516,691.0
828517,781.0
828518,494.0
828519,762.0
828520,454.0
828522,2501.0
828524,255.0
828551,1941.0
828552,679.0
828553,675.0
828555,1933.0
828556,278.0
828557,810.0
828559,2517.0
828560,716.0
828561,4899.0
828562,935.0
828563,1240.0
828564,1018.0
828572,1390.0
828573,1073.0
828574,667.0
828578,1093.0
828579,873.0
828580,2241.0
828581,791.0
828582,1353.0
828583,682.0
828585,553.0
828586,1509.0
828587,1348.0
828588,1178.0
828589,3200.0
828591,935.0
828592,920.0
828593,8815.0
828594,5455.0
828595,1480.0
828596,699.0
828600,1045.0
828601,1597.0
828602,1255.0
828626,4008.0
828627,1081.0
828628,530.0
828635,818.0
828636,646.0
828637,654.0
828638,479.0
828639,158.0
828646,957.0
828647,1347.0
828648,1598.0
828649,541.0
828650,1510.0
828651,710.0
828652,733.0
828653,1158.0
828654,872.0
828655,983.0
828656,1420.0
828657,1788.0
828658,1460.0
828659,1366.0
828660,849.0
828661,698.0
828662,648.0
828663,688.0
828664,1968.0
828665,945.0
828666,1046.0
828667,955.0
828668,1118.0
828669,1109.0
828670,778.0
828671,761.0
828672,913.0
828673,853.0
828674,952.0
828675,848.0
828678,1034.0
828679,2506.0
828680,2137.0
828681,737.0
828682,2002.0
828685,1807.0
828686,722.0
828687,2894.0
828688,772.0
828689,1489.0
828690,2734.0
828691,1291.0
828692,158.0
828693,1348.0
828694,1368.0
828695,507.0
828696,552.0
828697,1115.0
828698,1374.0
828699,1297.0
828700,1047.0
828701,2079.0
828702,2513.0
828703,1766.0
828704,2183.0
828708,1499.0
828709,1569.0
828710,2524.0
828711,627.0
828712,773.0
828713,622.0
828714,1882.0
828715,1788.0
828716,2775.0
828763,1331.0
828764,2447.0
828765,596.0
828766,4501.0
828784,741.0
828786,1878.0
828787,4041.0
828788,436.0
828790,2875.0
828791,2153.0
828793,4084.0
828794,417.0
828795,489.0
828799,1707.0
828803,686.0
828804,1771.0
828805,1602.0
828806,1061.0
828808,778.0
828809,912.0
828810,754.0
828811,724.0
828812,746.0
828813,1214.0
828814,1748.0
828815,2413.0
828816,530.0
828877,1881.0
828878,979.0
828879,6766.0
828880,1520.0
828881,1798.0
828882,4463.0
828883,519.0
828884,1149.0
828885,489.0
828886,774.0
828887,718.0
828888,779.0
828889,64.0
828890,1554.0
828891,1745.0
828892,1031.0
828893,761.0
828894,531.0
828895,1174.0
828896,1195.0
828897,879.0
828898,1271.0
828899,2724.0
828900,117.0
828901,518.0
828902,1021.0
828903,4713.0
828904,651.0
828905,519.0
828906,1216.0
828907,588.0
828908,1253.0
828909,1508.0
828910,1152.0
828911,2647.0
828912,1285.0
828913,545.0
828914,2995.0
828915,3084.0
828933,698.0
828934,698.0
828935,1616.0
829003,1278.0
829004,0.0
829005,4109.0
829006,1979.0
829014,5179.0
829015,1616.0
829019,145.0
829028,866.0
829084,1173.0
829085,662.0
829086,855.0
829087,1892.0
829088,4375.0
829154,437.0
829336,3168.0
829337,2832.0
829369,266.0
829370,87.0
829371,275.0
829372,235.0
829373,257.0
829374,142.0
829375,204.0
829376,214.0
829377,59.0
829378,212.0
829379,258.0
829380,305.0
829381,290.0
829382,270.0
829383,352.0
829384,748.0
829386,360.0
829387,1210.0
829388,405.0
829389,235.0
829395,152.0
829396,177.0
829406,63.0
829407,80.0
829409,89.0
829410,252.0
829411,189.0
829412,209.0
829413,150.0
829414,85.0
829415,156.0
829416,58.0
829417,996.0
829418,170.0
829419,125.0
829420,418.0
829421,305.0
829422,77.0
829423,247.0
829424,284.0
829425,183.0
829426,300.0
829427,335.0
829428,469.0
829429,469.0
829430,267.0
829431,367.0
829432,215.0
829433,333.0
829434,99.0
829435,125.0
829436,337.0
829437,271.0
829438,98.0
829439,37.0
829440,127.0
829443,235.0
829444,141.0
829445,273.0
829446,214.0
829447,287.0
829448,167.0
829449,328.0
829450,127.0
829451,219.0
829452,315.0
829453,280.0
829454,141.0
829455,648.0
829456,163.0
829457,263.0
829458,284.0
829459,99.0
829460,270.0
829461,381.0
829462,115.0
829463,105.0
829464,201.0
829465,480.0
829466,349.0
829467,196.0
829468,150.0
829469,470.0
829470,501.0
829471,232.0
829472,350.0
829473,172.0
829477,260.0
829478,412.0
829479,98.0
829480,60.0
829481,110.0
829482,116.0
829483,221.0
829486,215.0
829487,419.0
829488,135.0
829496,253.0
829497,112.0
829498,209.0
829499,375.0
829500,455.0
829501,429.0
829502,112.0
829503,136.0
829504,209.0
829505,150.0
829507,457.0
829508,412.0
829509,714.0
829510,198.0
829511,84.0
829512,194.0
829513,125.0
829514,135.0
829515,264.0
829516,197.0
829517,303.0
829518,135.0
829519,114.0
829520,3428.0
829521,4057.0
829522,371.0
829532,80.0
829533,46.0
829534,144.0
829535,471.0
829536,547.0
829537,298.0
829538,581.0
829539,862.0
829540,346.0
829541,206.0
829542,87.0
829543,79.0
829544,82.0
829545,138.0
829546,141.0
829549,132.0
829550,308.0
829552,291.0
829554,136.0
829555,74.0
829556,121.0
829557,191.0
829558,128.0
829559,157.0
829560,295.0
829561,271.0
829562,250.0
829563,253.0
829564,357.0
829565,120.0
829566,317.0
829567,214.0
829568,252.0
829569,122.0
829570,139.0
829571,642.0
829572,16.0
829573,132.0
829574,414.0
829575,227.0
829576,559.0
829577,682.0
829578,158.0
829579,81.0
829584,273.0
829585,86.0
829586,124.0
829588,99.0
829589,208.0
829590,169.0
829591,275.0
829592,137.0
829593,50.0
829594,113.0
829595,107.0
829602,5656.0
829603,4077.0
829604,2488.0
829646,108.0
829647,79.0
829648,226.0
829649,322.0
829650,398.0
829653,93.0
829654,175.0
829655,167.0
829656,159.0
829657,90.0
829658,208.0
829659,168.0
829660,135.0
829661,95.0
829662,621.0
829663,181.0
829664,490.0
829665,523.0
829666,990.0
829667,696.0
829668,180.0
829669,157.0
829670,67.0
829671,372.0
829672,164.0
829673,497.0
829674,346.0
829675,298.0
829676,923.0
829677,361.0
829678,149.0
829698,259.0
829699,174.0
829700,246.0
829701,321.0
830238,579.0
830839,385.0
830840,608.0
830967,1749.0
831338,0.0
831339,0.0
831341,0.0
831444,270.0
831451,320.0
831453,190.0
831641,3554.0
831712,49.0
831713,43.0
831714,148.0
831715,81.0
831716,183.0
831717,95.0
831718,120.0
831719,192.0
831720,122.0
831721,139.0
831722,82.0
831723,140.0
831724,163.0
831725,74.0
831726,79.0
831727,212.0
831728,46.0
831729,158.0
831730,86.0
831731,94.0
831732,91.0
831900,1951.0
831983,196.0
832103,402.0
832172,313.0
832173,550.0
832236,410.0
832260,719.0
832397,2478.0
832507,306.0
832524,4257.0
832545,1838.0
832858,543.0
832945,1339.0
833012,94.0
833013,231.0
833014,106.0
833015,124.0
833016,78.0
833017,170.0
833018,144.0
833019,227.0
833020,127.0
833021,86.0
833022,56.0
833023,197.0
833024,210.0
833025,58.0
833026,54.0
833027,347.0
833028,128.0
833029,119.0
833030,164.0
833031,110.0
833032,54.0
833033,429.0
833035,258.0
833036,178.0
833037,408.0
833039,145.0
833041,38.0
833042,94.0
833043,184.0
833044,158.0
833045,69.0
833046,34.0
833047,67.0
833048,194.0
833049,144.0
833079,138.0
833081,460.0
833082,136.0
833083,146.0
833084,158.0
833085,85.0
833086,51.0
833087,22.0
833088,205.0
833089,52.0
833090,104.0
833091,67.0
833092,188.0
833095,167.0
833096,38.0
833098,402.0
833099,130.0
833100,364.0
833101,95.0
833102,108.0
833103,79.0
833104,126.0
833106,57.0
833108,91.0
833109,2336.0
833110,97.0
833111,71.0
833112,286.0
833113,38.0
833153,269.0
833154,184.0
833157,397.0
833158,62.0
833164,97.0
833208,148.0
833263,166.0
833264,59.0
833265,182.0
833266,119.0
833267,168.0
833268,155.0
833269,142.0
833270,116.0
833271,301.0
833356,330.0
833357,593.0
833358,996.0
833415,429.0
833443,0.0
833450,0.0
833451,0.0
833452,0.0
833453,0.0
833455,0.0
833457,0.0
833464,0.0
833465,0.0
833562,204.0
833572,159.0
833573,68.0
833574,0.0
833575,80.0
833577,35.0
833586,4.0
833587,2.0
833588,0.0
833592,1.0
833597,2.0
833602,3.0
833608,2.0
833611,0.0
833614,0.0
833615,0.0
833616,0.0
833617,0.0
833618,0.0
833619,0.0
833620,0.0
833621,0.0
833622,0.0
833623,0.0
833624,0.0
833628,192.0
833629,961.0
833774,4225.0
841769,161.0
853346,244.0
853347,63.0
853349,11.0
853350,7.0
871359,421.0
871593,0.0
871594,2.0
871595,0.0
871834,329.0
871835,200.0
871836,102.0
871837,0.0
871838,0.0
871839,0.0
871840,0.0
871841,0.0
871842,0.0
871843,0.0
871884,215.0
871886,2182.0
871887,143.0
871888,122.0
871889,140.0
871890,192.0
871891,247.0
871930,145.0
871931,201.0
871932,173.0
871933,175.0
871934,177.0
871935,423.0
871936,225.0
871937,81.0
871938,416.0
871939,568.0
871940,288.0
871941,522.0
871942,363.0
871944,617.0
871945,100.0
871946,426.0
871947,507.0
871975,79.0
871980,241.0
871981,164.0
871982,91.0
871983,265.0
871984,357.0
871985,242.0
871986,384.0
871987,133.0
871996,143.0
871997,225.0
871998,226.0
871999,115.0
872000,444.0
872001,94.0
872002,246.0
872003,135.0
872004,128.0
872005,95.0
872006,376.0
872007,228.0
872008,228.0
872009,620.0
872010,45.0
872011,210.0
872013,215.0
872014,231.0
872015,146.0
872016,240.0
872017,212.0
872018,171.0
872019,385.0
872020,317.0
872021,424.0
872025,195.0
872048,119.0
872049,233.0
872050,268.0
872051,416.0
872052,319.0
872053,138.0
872054,542.0
872055,60.0
872056,99.0
872057,306.0
872062,210.0
872078,203.0
872079,229.0
872081,118.0
872083,727.0
872085,352.0
872119,6.0
872120,1.0
872121,0.0
872122,50.0
872123,133.0
872124,98.0
872125,96.0
872126,413.0
872127,109.0
872128,140.0
872129,212.0
872131,204.0
872132,211.0
872133,135.0
872137,140.0
872138,161.0
872139,51.0
872140,151.0
872142,113.0
872143,143.0
872146,424.0
872147,62.0
872149,490.0
872150,329.0
872151,519.0
872152,292.0
872153,477.0
872154,355.0
872155,88.0
872156,148.0
872157,251.0
872158,156.0
872159,196.0
872160,149.0
872161,146.0
872162,139.0
872163,191.0
872164,55.0
872165,116.0
872166,145.0
872167,61.0
872168,121.0
872169,31.0
872170,99.0
872171,180.0
872174,166.0
872175,257.0
872176,237.0
872177,799.0
872179,151.0
872180,73.0
872181,131.0
872182,63.0
872183,536.0
872184,445.0
872185,408.0
872186,175.0
872187,245.0
872188,200.0
872189,107.0
872190,51.0
872191,92.0
872192,31.0
872193,160.0
872194,118.0
872201,138.0
872202,186.0
872203,217.0
872204,282.0
872205,136.0
872206,322.0
872208,392.0
872211,113.0
872212,41.0
872214,153.0
872215,110.0
872221,103.0
872241,1912.0
872242,251.0
872243,397.0
872244,302.0
872245,568.0
872246,62.0
872247,104.0
872248,232.0
872249,270.0
872250,153.0
872251,294.0
872252,397.0
872253,167.0
872254,62.0
872255,89.0
872256,248.0
872257,200.0
872258,50.0
872259,101.0
872260,748.0
872261,169.0
872262,185.0
872263,175.0
872264,65.0
872265,61.0
872268,0.0
872269,109.0
872270,187.0
872271,155.0
872272,242.0
872273,530.0
872274,207.0
872275,219.0
872276,190.0
872277,485.0
872278,303.0
872279,167.0
872280,50.0
872281,97.0
872282,172.0
872283,391.0
872284,278.0
872285,152.0
872286,261.0
872287,335.0
872288,208.0
872289,165.0
872290,112.0
872291,278.0
872308,171.0
872311,33.0
872312,158.0
872313,232.0
872314,157.0
872315,150.0
872316,189.0
872317,127.0
872319,824.0
872320,391.0
872321,319.0
872323,106.0
872324,145.0
872325,469.0
872340,370.0
872349,93.0
872350,514.0
872351,404.0
872352,399.0
872353,367.0
872354,172.0
872355,766.0
872356,333.0
872357,212.0
872358,816.0
872359,212.0
872360,337.0
872361,124.0
872362,180.0
872363,372.0
872364,277.0
872365,199.0
872366,215.0
872367,165.0
872368,112.0
872369,326.0
872370,332.0
872371,551.0
872372,114.0
872373,70.0
872374,60.0
872375,234.0
872376,368.0
872377,374.0
872391,281.0
872392,289.0
872418,173.0
872419,172.0
872420,172.0
872421,164.0
872422,136.0
872423,160.0
872424,129.0
872426,48.0
872427,283.0
872428,274.0
872429,193.0
872430,202.0
872445,0.0
872452,26.0
872471,0.0
872472,0.0
872473,0.0
872474,0.0
872475,0.0
872476,0.0
872478,0.0
872482,9.0
872574,161.0
872575,214.0
872576,214.0
872577,103.0
872578,295.0
872579,348.0
872580,108.0
872581,92.0
872582,380.0
872583,180.0
872584,54.0
872594,0.0
872595,563.0
872596,499.0
872598,19.0
872599,320.0
872600,139.0
872601,145.0
872602,226.0
872603,163.0
872604,90.0
872605,333.0
872606,392.0
872607,90.0
872631,113.0
872634,282.0
872635,256.0
872637,380.0
872638,283.0
872639,440.0
872640,229.0
872641,64.0
872642,199.0
872643,122.0
872644,153.0
872645,149.0
872646,368.0
872647,200.0
872648,104.0
872649,267.0
872650,206.0
872651,309.0
872652,163.0
872653,190.0
872654,156.0
872655,366.0
872656,268.0
872657,189.0
872658,55.0
872659,180.0
872713,79.0
872749,351.0
872751,111.0
872752,233.0
872753,177.0
872754,258.0
872755,96.0
872756,97.0
872762,59.0
872763,148.0
872764,103.0
872765,0.0
872766,76.0
872780,133.0
872781,43.0
872782,141.0
872783,150.0
872784,45.0
872785,224.0
872786,107.0
872787,78.0
872788,944.0
872831,77.0
872832,166.0
872834,23.0
872835,241.0
872836,85.0
872849,104.0
872850,236.0
872851,307.0
872852,344.0
872853,252.0
872889,239.0
872890,91.0
872891,147.0
872892,0.0
872893,69.0
872894,0.0
872895,185.0
872896,88.0
872897,154.0
872910,155.0
872911,145.0
872912,87.0
872913,80.0
872927,519.0
872928,348.0
872968,162.0
872969,149.0
872970,302.0
872971,847.0
872972,615.0
872973,174.0
872974,67.0
872975,134.0
872976,171.0
872977,62.0
872978,73.0
872979,159.0
872980,160.0
872981,77.0
872982,168.0
872990,230.0
872991,48.0
872992,118.0
872993,255.0
872994,57.0
872995,149.0
872996,121.0
873012,584.0
873013,533.0
873014,259.0
873015,556.0
873016,375.0
873028,557.0
873029,443.0
873030,165.0
873031,501.0
873033,200.0
873034,55.0
873036,170.0
873037,384.0
873039,222.0
873066,270.0
873067,129.0
873068,220.0
873069,126.0
873070,53.0
873071,102.0
873072,26.0
873073,65.0
873074,223.0
873075,49.0
873173,0.0
873174,0.0
873175,0.0
873176,522.0
873177,123.0
873178,332.0
873179,252.0
873187,326.0
873188,72.0
873192,432.0
873193,274.0
873198,190.0
873215,108.0
873216,90.0
873624,138.0
873625,62.0
873626,121.0
873627,66.0
873656,0.0
873657,0.0
875732,22.0
875733,80.0
892748,0.0
892750,1898.0
904925,0.0
904926,0.0
904927,0.0
904928,0.0
904929,0.0
904930,0.0
904931,0.0
904932,0.0
904933,0.0
904934,0.0
904935,0.0
904936,0.0
904943,0.0
904944,0.0
904945,0.0
904946,0.0
904947,0.0
905863,0.0
905864,0.0
905865,0.0
905866,0.0
905867,0.0
905868,0.0
905869,0.0
905870,0.0
909608,25.0
911803,5494.0
913982,0.0
913983,0.0
913984,0.0
913985,0.0
913986,0.0
913987,0.0
913988,0.0
913989,0.0
913990,0.0
913991,0.0
913992,0.0
913993,0.0
913994,0.0
913995,0.0
913996,0.0
913997,0.0
913998,0.0
913999,0.0
914000,0.0
914001,0.0
914002,0.0
914003,0.0
914607,0.0
914608,0.0
914609,0.0
914610,0.0
914611,0.0
915233,0.0
915234,0.0
915235,0.0
915236,0.0
915237,0.0
915238,0.0
915239,0.0
915240,0.0
915241,0.0
915242,0.0
915243,0.0
915244,0.0
915245,0.0
915246,0.0
915247,0.0
915248,0.0
915249,0.0
915250,0.0
915251,0.0
915252,0.0
915253,0.0
915254,0.0
915255,0.0
915256,0.0
915257,0.0
915287,0.0
915288,0.0
915291,0.0
915292,0.0
915293,0.0
915294,0.0
915295,0.0
915296,0.0
915297,0.0
915298,0.0
915299,0.0
915973,0.0
915974,0.0
915975,0.0
915976,0.0
915977,0.0
915978,0.0
915979,0.0
915980,0.0
915981,0.0
915982,0.0
915983,0.0
915984,0.0
915985,0.0
915986,0.0
915987,0.0
916612,0.0
916613,0.0
916614,0.0
916615,0.0
916616,0.0
916617,0.0
916618,0.0
916619,0.0
916620,0.0
916621,0.0
916622,0.0
916623,0.0
916624,0.0
916625,0.0
916626,0.0
916627,0.0
916628,0.0
917837,0.0
917838,0.0
917842,0.0
917843,0.0
917844,0.0
917846,0.0
917847,0.0
917848,0.0
917849,0.0
917850,0.0
917851,0.0
917852,0.0
917853,0.0
917854,0.0
917855,0.0
917856,0.0
917857,0.0
917858,0.0
917859,0.0
917860,0.0
917861,0.0
919710,0.0
919711,0.0
919712,0.0
919713,0.0
919714,0.0
919715,0.0
919716,0.0
919717,0.0
919718,0.0
919719,0.0
919720,0.0
919721,0.0
919722,0.0
919723,0.0
919762,0.0
919763,0.0
919764,0.0
919765,0.0
919766,0.0
919767,0.0
919768,0.0
919769,0.0
919770,0.0
919771,0.0
919772,0.0
919773,0.0
922342,0.0
922349,0.0
922350,0.0
922351,0.0
922352,0.0
926208,0.0
926209,0.0
927484,0.0
927485,0.0
927486,0.0
927487,0.0
927488,0.0
927489,0.0
927490,0.0
927491,0.0
927492,0.0
929090,0.0
929091,0.0
929093,0.0
929094,0.0
929095,0.0
929096,0.0
929097,0.0
929098,0.0
929099,0.0
931168,0.0
931179,0.0
933114,0.0
933115,0.0
933116,0.0
933117,0.0
939929,0.0
939930,0.0
941558,0.0
941559,0.0
941560,0.0
942597,0.0
942598,0.0
942599,0.0
942680,713.0
942715,519.0
942727,692.0
943497,146.0
943504,90.0
955933,535.0
956029,299.0
956031,382.0
958821,316.0
970304,0.0
